-- Kelimkar schema restore
CREATE TABLE IF NOT EXISTS public.notifications (
    id smallint GENERATED BY DEFAULT AS IDENTITY PRIMARY KEY,
    stankar text NOT NULL,
    message text DEFAULT 'Potřebujeme kelímky!'::text,
    status text DEFAULT '"na cestě", "hotovo"'::text,
    "timestamp" timestamp without time zone DEFAULT now()
);

CREATE TABLE IF NOT EXISTS public.profiles (
    id uuid PRIMARY KEY,
    role text NOT NULL,
    name text
);

CREATE TABLE IF NOT EXISTS public.requests (
    id integer GENERATED BY DEFAULT AS IDENTITY PRIMARY KEY,
    stankar text NOT NULL,
    "timestamp" timestamp without time zone DEFAULT now(),
    status text DEFAULT 'čeká'::text
);

CREATE TABLE IF NOT EXISTS public.transactions (
    id bigint GENERATED BY DEFAULT AS IDENTITY PRIMARY KEY,
    zamestnanec text DEFAULT '-'::text NOT NULL,
    male_kelimky smallint DEFAULT 0,
    velke_kelimky smallint DEFAULT 0,
    "timestamp" timestamp without time zone DEFAULT (now() AT TIME ZONE 'Europe/Prague'::text),
    status text DEFAULT '''ceka'', ''potvrzeno'''::text,
    stankar text,
    typ_vymeny text DEFAULT 'O+V'::text
);

ALTER TABLE public.notifications ENABLE ROW LEVEL SECURITY;
ALTER TABLE public.profiles ENABLE ROW LEVEL SECURITY;
ALTER TABLE public.requests ENABLE ROW LEVEL SECURITY;
ALTER TABLE public.transactions ENABLE ROW LEVEL SECURITY;

DROP POLICY IF EXISTS allow_all ON public.transactions;
CREATE POLICY allow_all ON public.transactions FOR ALL USING (true) WITH CHECK (true);

DROP POLICY IF EXISTS allow_insert_requests ON public.requests;
CREATE POLICY allow_insert_requests ON public.requests FOR INSERT WITH CHECK (true);

DROP POLICY IF EXISTS allow_select_profiles ON public.profiles;
CREATE POLICY allow_select_profiles ON public.profiles FOR SELECT USING (true);

GRANT ALL ON TABLE public.notifications TO anon, authenticated, service_role;
GRANT ALL ON TABLE public.profiles TO anon, authenticated, service_role;
GRANT ALL ON TABLE public.requests TO anon, authenticated, service_role;
GRANT ALL ON TABLE public.transactions TO anon, authenticated, service_role;
GRANT USAGE, SELECT ON ALL SEQUENCES IN SCHEMA public TO anon, authenticated, service_role;

-- auth.users
INSERT INTO auth.users (instance_id, id, aud, role, email, encrypted_password, email_confirmed_at, invited_at, confirmation_token, confirmation_sent_at, recovery_token, recovery_sent_at, email_change_token_new, email_change, email_change_sent_at, last_sign_in_at, raw_app_meta_data, raw_user_meta_data, is_super_admin, created_at, updated_at, phone, phone_confirmed_at, phone_change, phone_change_token, phone_change_sent_at, email_change_token_current, email_change_confirm_status, banned_until, reauthentication_token, reauthentication_sent_at, is_sso_user, deleted_at, is_anonymous) VALUES ('00000000-0000-0000-0000-000000000000', '97e27f33-17a1-4d8c-8fe5-4bfe2058969f'::uuid, 'authenticated', 'authenticated', 'nadrizeny@msul.cz', '$2a$10$0h6iObjznjVJQUUMzT2mQeMx1nfhP1xW51C66TgmkTBaQSYsvnRlW', '2025-07-14 19:32:55.74559+00'::timestamptz, NULL, '', NULL, '', NULL, '', '', NULL, '2025-09-26 08:19:08.965354+00'::timestamptz, '{"provider": "email", "providers": ["email"]}'::jsonb, '{"email_verified": true}'::jsonb, NULL, '2025-07-14 19:32:55.717307+00'::timestamptz, '2025-09-30 11:49:30.421114+00'::timestamptz, NULL, NULL, '', '', NULL, '', 0, NULL, '', NULL, false, NULL, false) ON CONFLICT DO NOTHING;
INSERT INTO auth.users (instance_id, id, aud, role, email, encrypted_password, email_confirmed_at, invited_at, confirmation_token, confirmation_sent_at, recovery_token, recovery_sent_at, email_change_token_new, email_change, email_change_sent_at, last_sign_in_at, raw_app_meta_data, raw_user_meta_data, is_super_admin, created_at, updated_at, phone, phone_confirmed_at, phone_change, phone_change_token, phone_change_sent_at, email_change_token_current, email_change_confirm_status, banned_until, reauthentication_token, reauthentication_sent_at, is_sso_user, deleted_at, is_anonymous) VALUES ('00000000-0000-0000-0000-000000000000', 'cfd8c8b4-af3b-4823-b10d-41b7390db462'::uuid, 'authenticated', 'authenticated', 'ondrejpozdena@msul.cz', '$2a$10$YB6eZ4P154p7ChSTPvBoie0qa.JXfqcAxwqRT3D7hs9acYzGHw7jC', '2025-07-13 20:15:51.706957+00'::timestamptz, NULL, '', NULL, '', NULL, '', '', NULL, '2025-08-09 08:46:05.586021+00'::timestamptz, '{"provider": "email", "providers": ["email"]}'::jsonb, '{"email_verified": true}'::jsonb, NULL, '2025-07-13 20:15:51.697578+00'::timestamptz, '2025-08-27 23:45:50.515823+00'::timestamptz, NULL, NULL, '', '', NULL, '', 0, NULL, '', NULL, false, NULL, false) ON CONFLICT DO NOTHING;
INSERT INTO auth.users (instance_id, id, aud, role, email, encrypted_password, email_confirmed_at, invited_at, confirmation_token, confirmation_sent_at, recovery_token, recovery_sent_at, email_change_token_new, email_change, email_change_sent_at, last_sign_in_at, raw_app_meta_data, raw_user_meta_data, is_super_admin, created_at, updated_at, phone, phone_confirmed_at, phone_change, phone_change_token, phone_change_sent_at, email_change_token_current, email_change_confirm_status, banned_until, reauthentication_token, reauthentication_sent_at, is_sso_user, deleted_at, is_anonymous) VALUES ('00000000-0000-0000-0000-000000000000', '28748ed4-02c8-4d28-855f-6fb2da901707'::uuid, 'authenticated', 'authenticated', 'nadrizeny@test.com', '$2a$10$ZnwSqtbHNDa7RaL9OD4mKui2dZS/FguuIdASQaPgbQW/Dh8odN1RW', '2025-07-03 18:56:40.207596+00'::timestamptz, NULL, '', NULL, '', NULL, '', '', NULL, '2025-07-14 13:43:06.079137+00'::timestamptz, '{"provider": "email", "providers": ["email"]}'::jsonb, '{"email_verified": true}'::jsonb, NULL, '2025-07-03 18:56:40.204377+00'::timestamptz, '2025-07-15 20:11:31.32039+00'::timestamptz, NULL, NULL, '', '', NULL, '', 0, NULL, '', NULL, false, NULL, false) ON CONFLICT DO NOTHING;
INSERT INTO auth.users (instance_id, id, aud, role, email, encrypted_password, email_confirmed_at, invited_at, confirmation_token, confirmation_sent_at, recovery_token, recovery_sent_at, email_change_token_new, email_change, email_change_sent_at, last_sign_in_at, raw_app_meta_data, raw_user_meta_data, is_super_admin, created_at, updated_at, phone, phone_confirmed_at, phone_change, phone_change_token, phone_change_sent_at, email_change_token_current, email_change_confirm_status, banned_until, reauthentication_token, reauthentication_sent_at, is_sso_user, deleted_at, is_anonymous) VALUES ('00000000-0000-0000-0000-000000000000', '2072d4fb-deb3-4d09-a5ed-c585f65c8678'::uuid, 'authenticated', 'authenticated', 'carino@msul.cz', '$2a$10$JKsXgKUMxBJbpO9ea5G/0uaisV4ba62QYYR.CV7bx.aoSAzvgZLti', '2025-07-13 19:59:13.55499+00'::timestamptz, NULL, '', NULL, '', NULL, '', '', NULL, '2025-07-21 16:34:59.791481+00'::timestamptz, '{"provider": "email", "providers": ["email"]}'::jsonb, '{"email_verified": true}'::jsonb, NULL, '2025-07-13 19:59:13.548386+00'::timestamptz, '2025-07-21 16:34:59.79678+00'::timestamptz, NULL, NULL, '', '', NULL, '', 0, NULL, '', NULL, false, NULL, false) ON CONFLICT DO NOTHING;
INSERT INTO auth.users (instance_id, id, aud, role, email, encrypted_password, email_confirmed_at, invited_at, confirmation_token, confirmation_sent_at, recovery_token, recovery_sent_at, email_change_token_new, email_change, email_change_sent_at, last_sign_in_at, raw_app_meta_data, raw_user_meta_data, is_super_admin, created_at, updated_at, phone, phone_confirmed_at, phone_change, phone_change_token, phone_change_sent_at, email_change_token_current, email_change_confirm_status, banned_until, reauthentication_token, reauthentication_sent_at, is_sso_user, deleted_at, is_anonymous) VALUES ('00000000-0000-0000-0000-000000000000', 'ceda7f95-66fa-47d2-abfe-fc892c1a295b'::uuid, 'authenticated', 'authenticated', 'pittnerrekreacni@msul.cz', '$2a$10$Dte7PGaAxjdvaYPPV//h.u4cAl2MSrXMbpQsJswdwSrlCU.AcQTN.', '2025-07-13 19:51:22.585346+00'::timestamptz, NULL, '', NULL, '', NULL, '', '', NULL, '2025-08-03 11:03:31.92036+00'::timestamptz, '{"provider": "email", "providers": ["email"]}'::jsonb, '{"email_verified": true}'::jsonb, NULL, '2025-07-13 19:51:22.57078+00'::timestamptz, '2025-08-03 11:03:31.931653+00'::timestamptz, NULL, NULL, '', '', NULL, '', 0, NULL, '', NULL, false, NULL, false) ON CONFLICT DO NOTHING;
INSERT INTO auth.users (instance_id, id, aud, role, email, encrypted_password, email_confirmed_at, invited_at, confirmation_token, confirmation_sent_at, recovery_token, recovery_sent_at, email_change_token_new, email_change, email_change_sent_at, last_sign_in_at, raw_app_meta_data, raw_user_meta_data, is_super_admin, created_at, updated_at, phone, phone_confirmed_at, phone_change, phone_change_token, phone_change_sent_at, email_change_token_current, email_change_confirm_status, banned_until, reauthentication_token, reauthentication_sent_at, is_sso_user, deleted_at, is_anonymous) VALUES ('00000000-0000-0000-0000-000000000000', 'e994c00e-a1a0-42ae-b01b-a6f671c424ee'::uuid, 'authenticated', 'authenticated', 'stanislavbezemek@msul.cz', '$2a$10$lg3OVRSRV/llx8KARn2RjOk6g9iotY1FjtCTN5DQkMk4MP425Dqqq', '2025-07-19 16:22:17.25686+00'::timestamptz, NULL, '', NULL, '', NULL, '', '', NULL, '2025-08-06 09:00:32.139281+00'::timestamptz, '{"provider": "email", "providers": ["email"]}'::jsonb, '{"email_verified": true}'::jsonb, NULL, '2025-07-19 16:22:17.25016+00'::timestamptz, '2025-08-06 09:00:32.149273+00'::timestamptz, NULL, NULL, '', '', NULL, '', 0, NULL, '', NULL, false, NULL, false) ON CONFLICT DO NOTHING;
INSERT INTO auth.users (instance_id, id, aud, role, email, encrypted_password, email_confirmed_at, invited_at, confirmation_token, confirmation_sent_at, recovery_token, recovery_sent_at, email_change_token_new, email_change, email_change_sent_at, last_sign_in_at, raw_app_meta_data, raw_user_meta_data, is_super_admin, created_at, updated_at, phone, phone_confirmed_at, phone_change, phone_change_token, phone_change_sent_at, email_change_token_current, email_change_confirm_status, banned_until, reauthentication_token, reauthentication_sent_at, is_sso_user, deleted_at, is_anonymous) VALUES ('00000000-0000-0000-0000-000000000000', 'b813799a-9692-43a5-a4c7-01a0363acc6a'::uuid, 'authenticated', 'authenticated', 'kelimkar@test.com', '$2a$10$qoFjVIkIZJ25tYv/wttiVuTqVpwPrDtyB7mtls6JrAITCLfT81JS6', '2025-07-03 18:56:06.397956+00'::timestamptz, NULL, '', NULL, '', NULL, '', '', NULL, '2025-07-11 11:05:25.652334+00'::timestamptz, '{"provider": "email", "providers": ["email"]}'::jsonb, '{"email_verified": true}'::jsonb, NULL, '2025-07-03 18:56:06.370381+00'::timestamptz, '2025-07-11 11:05:25.654305+00'::timestamptz, NULL, NULL, '', '', NULL, '', 0, NULL, '', NULL, false, NULL, false) ON CONFLICT DO NOTHING;
INSERT INTO auth.users (instance_id, id, aud, role, email, encrypted_password, email_confirmed_at, invited_at, confirmation_token, confirmation_sent_at, recovery_token, recovery_sent_at, email_change_token_new, email_change, email_change_sent_at, last_sign_in_at, raw_app_meta_data, raw_user_meta_data, is_super_admin, created_at, updated_at, phone, phone_confirmed_at, phone_change, phone_change_token, phone_change_sent_at, email_change_token_current, email_change_confirm_status, banned_until, reauthentication_token, reauthentication_sent_at, is_sso_user, deleted_at, is_anonymous) VALUES ('00000000-0000-0000-0000-000000000000', '9d58d31c-762d-4a73-af50-35b8b223ac7e'::uuid, 'authenticated', 'authenticated', 'vapenikovanikola@msul.cz', '$2a$10$velg88d5zna/QaY8mLHHsOZ0Omiy4RBGrHKyF68ase.ACbgZqK3MS', '2025-07-13 20:00:51.025929+00'::timestamptz, NULL, '', NULL, '', NULL, '', '', NULL, NULL, '{"provider": "email", "providers": ["email"]}'::jsonb, '{"email_verified": true}'::jsonb, NULL, '2025-07-13 20:00:51.020804+00'::timestamptz, '2025-07-13 20:00:51.027026+00'::timestamptz, NULL, NULL, '', '', NULL, '', 0, NULL, '', NULL, false, NULL, false) ON CONFLICT DO NOTHING;
INSERT INTO auth.users (instance_id, id, aud, role, email, encrypted_password, email_confirmed_at, invited_at, confirmation_token, confirmation_sent_at, recovery_token, recovery_sent_at, email_change_token_new, email_change, email_change_sent_at, last_sign_in_at, raw_app_meta_data, raw_user_meta_data, is_super_admin, created_at, updated_at, phone, phone_confirmed_at, phone_change, phone_change_token, phone_change_sent_at, email_change_token_current, email_change_confirm_status, banned_until, reauthentication_token, reauthentication_sent_at, is_sso_user, deleted_at, is_anonymous) VALUES ('00000000-0000-0000-0000-000000000000', '81aede54-7867-49e6-91c1-185639cc115e'::uuid, 'authenticated', 'authenticated', 'volf@msul.cz', '$2a$10$eiWsgAW.rzWQxHVEo98ItuuHsNWcW6KvS6p1vNrKHKozVOrWFJwOi', '2025-07-13 19:53:38.782848+00'::timestamptz, NULL, '', NULL, '', NULL, '', '', NULL, NULL, '{"provider": "email", "providers": ["email"]}'::jsonb, '{"email_verified": true}'::jsonb, NULL, '2025-07-13 19:53:38.774243+00'::timestamptz, '2025-07-13 19:53:38.783542+00'::timestamptz, NULL, NULL, '', '', NULL, '', 0, NULL, '', NULL, false, NULL, false) ON CONFLICT DO NOTHING;
INSERT INTO auth.users (instance_id, id, aud, role, email, encrypted_password, email_confirmed_at, invited_at, confirmation_token, confirmation_sent_at, recovery_token, recovery_sent_at, email_change_token_new, email_change, email_change_sent_at, last_sign_in_at, raw_app_meta_data, raw_user_meta_data, is_super_admin, created_at, updated_at, phone, phone_confirmed_at, phone_change, phone_change_token, phone_change_sent_at, email_change_token_current, email_change_confirm_status, banned_until, reauthentication_token, reauthentication_sent_at, is_sso_user, deleted_at, is_anonymous) VALUES ('00000000-0000-0000-0000-000000000000', 'a8cc9f5c-e7da-4206-be84-c54cccc9fe86'::uuid, 'authenticated', 'authenticated', 'banom@msul.cz', '$2a$10$JM/nDDSEX1o4X6gfeypPX.gTObCUQjeDbq4rB7XwW6noC3Z.uzmlW', '2025-07-13 19:41:09.231441+00'::timestamptz, NULL, '', NULL, '', NULL, '', '', NULL, '2025-07-25 12:20:26.216686+00'::timestamptz, '{"provider": "email", "providers": ["email"]}'::jsonb, '{"email_verified": true}'::jsonb, NULL, '2025-07-13 19:41:09.206799+00'::timestamptz, '2025-07-25 12:20:26.253945+00'::timestamptz, NULL, NULL, '', '', NULL, '', 0, NULL, '', NULL, false, NULL, false) ON CONFLICT DO NOTHING;
INSERT INTO auth.users (instance_id, id, aud, role, email, encrypted_password, email_confirmed_at, invited_at, confirmation_token, confirmation_sent_at, recovery_token, recovery_sent_at, email_change_token_new, email_change, email_change_sent_at, last_sign_in_at, raw_app_meta_data, raw_user_meta_data, is_super_admin, created_at, updated_at, phone, phone_confirmed_at, phone_change, phone_change_token, phone_change_sent_at, email_change_token_current, email_change_confirm_status, banned_until, reauthentication_token, reauthentication_sent_at, is_sso_user, deleted_at, is_anonymous) VALUES ('00000000-0000-0000-0000-000000000000', '7752acfa-a082-4116-b596-e0e9b3d901fa'::uuid, 'authenticated', 'authenticated', 'katerinaspatenkova@msul.cz', '$2a$10$ZEs7u2QIQTv0FggXwqQs9uKUXrnXjuHjAAoZXanXs6Z5RKOiok6DK', '2025-07-19 16:19:15.06051+00'::timestamptz, NULL, '', NULL, '', NULL, '', '', NULL, NULL, '{"provider": "email", "providers": ["email"]}'::jsonb, '{"email_verified": true}'::jsonb, NULL, '2025-07-19 16:19:15.030061+00'::timestamptz, '2025-07-19 16:19:15.061729+00'::timestamptz, NULL, NULL, '', '', NULL, '', 0, NULL, '', NULL, false, NULL, false) ON CONFLICT DO NOTHING;
INSERT INTO auth.users (instance_id, id, aud, role, email, encrypted_password, email_confirmed_at, invited_at, confirmation_token, confirmation_sent_at, recovery_token, recovery_sent_at, email_change_token_new, email_change, email_change_sent_at, last_sign_in_at, raw_app_meta_data, raw_user_meta_data, is_super_admin, created_at, updated_at, phone, phone_confirmed_at, phone_change, phone_change_token, phone_change_sent_at, email_change_token_current, email_change_confirm_status, banned_until, reauthentication_token, reauthentication_sent_at, is_sso_user, deleted_at, is_anonymous) VALUES ('00000000-0000-0000-0000-000000000000', '202391d7-3b5d-480f-9d9e-2ac89f827b1e'::uuid, 'authenticated', 'authenticated', 'pretl@msul.cz', '$2a$10$CKSmh5hfp5Bic94J5AdR9.ig8PeH/VenvUT2P3B/ECPpJHfzVQpYS', '2025-07-13 19:55:02.191336+00'::timestamptz, NULL, '', NULL, '', NULL, '', '', NULL, NULL, '{"provider": "email", "providers": ["email"]}'::jsonb, '{"email_verified": true}'::jsonb, NULL, '2025-07-13 19:55:02.187077+00'::timestamptz, '2025-07-13 19:55:02.19234+00'::timestamptz, NULL, NULL, '', '', NULL, '', 0, NULL, '', NULL, false, NULL, false) ON CONFLICT DO NOTHING;
INSERT INTO auth.users (instance_id, id, aud, role, email, encrypted_password, email_confirmed_at, invited_at, confirmation_token, confirmation_sent_at, recovery_token, recovery_sent_at, email_change_token_new, email_change, email_change_sent_at, last_sign_in_at, raw_app_meta_data, raw_user_meta_data, is_super_admin, created_at, updated_at, phone, phone_confirmed_at, phone_change, phone_change_token, phone_change_sent_at, email_change_token_current, email_change_confirm_status, banned_until, reauthentication_token, reauthentication_sent_at, is_sso_user, deleted_at, is_anonymous) VALUES ('00000000-0000-0000-0000-000000000000', 'ce1069b8-6f21-4989-8faf-72d937ee3231'::uuid, 'authenticated', 'authenticated', 'janbunjevcevic@msul.cz', '$2a$10$KpG4NTeSWX4t5vsvppVAr.Ij.CWpqZDn1.TUSMyynbSyrhLF7fNuS', '2025-07-19 16:38:28.628455+00'::timestamptz, NULL, '', NULL, '', NULL, '', '', NULL, NULL, '{"provider": "email", "providers": ["email"]}'::jsonb, '{"email_verified": true}'::jsonb, NULL, '2025-07-19 16:38:28.622853+00'::timestamptz, '2025-07-19 16:38:28.629379+00'::timestamptz, NULL, NULL, '', '', NULL, '', 0, NULL, '', NULL, false, NULL, false) ON CONFLICT DO NOTHING;
INSERT INTO auth.users (instance_id, id, aud, role, email, encrypted_password, email_confirmed_at, invited_at, confirmation_token, confirmation_sent_at, recovery_token, recovery_sent_at, email_change_token_new, email_change, email_change_sent_at, last_sign_in_at, raw_app_meta_data, raw_user_meta_data, is_super_admin, created_at, updated_at, phone, phone_confirmed_at, phone_change, phone_change_token, phone_change_sent_at, email_change_token_current, email_change_confirm_status, banned_until, reauthentication_token, reauthentication_sent_at, is_sso_user, deleted_at, is_anonymous) VALUES ('00000000-0000-0000-0000-000000000000', '73b5f62c-a718-4cbd-b569-ae463c974911'::uuid, 'authenticated', 'authenticated', 'jakubspatenka@msul.cz', '$2a$10$kDpythBiDMeiGHrGismarOblASVs1ZamGw3ZyNI7fFYdYbWN1TcgO', '2025-07-13 20:08:47.565605+00'::timestamptz, NULL, '', NULL, '', NULL, '', '', NULL, '2025-08-08 12:12:25.738821+00'::timestamptz, '{"provider": "email", "providers": ["email"]}'::jsonb, '{"email_verified": true}'::jsonb, NULL, '2025-07-13 20:08:47.560496+00'::timestamptz, '2025-10-04 22:31:26.231258+00'::timestamptz, NULL, NULL, '', '', NULL, '', 0, NULL, '', NULL, false, NULL, false) ON CONFLICT DO NOTHING;
INSERT INTO auth.users (instance_id, id, aud, role, email, encrypted_password, email_confirmed_at, invited_at, confirmation_token, confirmation_sent_at, recovery_token, recovery_sent_at, email_change_token_new, email_change, email_change_sent_at, last_sign_in_at, raw_app_meta_data, raw_user_meta_data, is_super_admin, created_at, updated_at, phone, phone_confirmed_at, phone_change, phone_change_token, phone_change_sent_at, email_change_token_current, email_change_confirm_status, banned_until, reauthentication_token, reauthentication_sent_at, is_sso_user, deleted_at, is_anonymous) VALUES ('00000000-0000-0000-0000-000000000000', 'b808da2f-66bf-4fad-8ed0-cb1fc3062fce'::uuid, 'authenticated', 'authenticated', 'pittnertobogan@msul.cz', '$2a$10$yACMUKhKG0oR4qAbYHge3.F/y0tAWm.yPZcAwS2alBIYP7jZ/IMHG', '2025-07-13 19:52:17.203859+00'::timestamptz, NULL, '', NULL, '', NULL, '', '', NULL, '2025-07-23 12:26:53.420662+00'::timestamptz, '{"provider": "email", "providers": ["email"]}'::jsonb, '{"email_verified": true}'::jsonb, NULL, '2025-07-13 19:52:17.196765+00'::timestamptz, '2025-09-16 06:43:57.97155+00'::timestamptz, NULL, NULL, '', '', NULL, '', 0, NULL, '', NULL, false, NULL, false) ON CONFLICT DO NOTHING;
INSERT INTO auth.users (instance_id, id, aud, role, email, encrypted_password, email_confirmed_at, invited_at, confirmation_token, confirmation_sent_at, recovery_token, recovery_sent_at, email_change_token_new, email_change, email_change_sent_at, last_sign_in_at, raw_app_meta_data, raw_user_meta_data, is_super_admin, created_at, updated_at, phone, phone_confirmed_at, phone_change, phone_change_token, phone_change_sent_at, email_change_token_current, email_change_confirm_status, banned_until, reauthentication_token, reauthentication_sent_at, is_sso_user, deleted_at, is_anonymous) VALUES ('00000000-0000-0000-0000-000000000000', 'd5ad16f9-8305-4295-9bbc-154dd10b6332'::uuid, 'authenticated', 'authenticated', 'petrhetzendorf@msul.cz', '$2a$10$3ebWMeCl67ncdVCRuf0aNublIZj8bPoFiYMXTEsNKIbw8cjOprBE2', '2025-08-03 11:27:12.90955+00'::timestamptz, NULL, '', NULL, '', NULL, '', '', NULL, '2025-08-03 11:29:17.485394+00'::timestamptz, '{"provider": "email", "providers": ["email"]}'::jsonb, '{"email_verified": true}'::jsonb, NULL, '2025-08-03 11:27:12.895023+00'::timestamptz, '2025-09-04 10:19:02.660929+00'::timestamptz, NULL, NULL, '', '', NULL, '', 0, NULL, '', NULL, false, NULL, false) ON CONFLICT DO NOTHING;
INSERT INTO auth.users (instance_id, id, aud, role, email, encrypted_password, email_confirmed_at, invited_at, confirmation_token, confirmation_sent_at, recovery_token, recovery_sent_at, email_change_token_new, email_change, email_change_sent_at, last_sign_in_at, raw_app_meta_data, raw_user_meta_data, is_super_admin, created_at, updated_at, phone, phone_confirmed_at, phone_change, phone_change_token, phone_change_sent_at, email_change_token_current, email_change_confirm_status, banned_until, reauthentication_token, reauthentication_sent_at, is_sso_user, deleted_at, is_anonymous) VALUES ('00000000-0000-0000-0000-000000000000', 'e963bb74-316c-4bbf-a885-1e3b1775c102'::uuid, 'authenticated', 'authenticated', 'tomasjanda@msul.cz', '$2a$10$avcG8N1wDxfkJ.MIIBNT0eVw1Xot/.5Nfur6Oa0/JejHkD3XjwqD.', '2025-07-19 16:36:51.428183+00'::timestamptz, NULL, '', NULL, '', NULL, '', '', NULL, '2025-08-09 08:47:36.256456+00'::timestamptz, '{"provider": "email", "providers": ["email"]}'::jsonb, '{"email_verified": true}'::jsonb, NULL, '2025-07-19 16:36:51.421326+00'::timestamptz, '2025-08-31 10:38:38.658585+00'::timestamptz, NULL, NULL, '', '', NULL, '', 0, NULL, '', NULL, false, NULL, false) ON CONFLICT DO NOTHING;
INSERT INTO auth.users (instance_id, id, aud, role, email, encrypted_password, email_confirmed_at, invited_at, confirmation_token, confirmation_sent_at, recovery_token, recovery_sent_at, email_change_token_new, email_change, email_change_sent_at, last_sign_in_at, raw_app_meta_data, raw_user_meta_data, is_super_admin, created_at, updated_at, phone, phone_confirmed_at, phone_change, phone_change_token, phone_change_sent_at, email_change_token_current, email_change_confirm_status, banned_until, reauthentication_token, reauthentication_sent_at, is_sso_user, deleted_at, is_anonymous) VALUES ('00000000-0000-0000-0000-000000000000', 'b3d60ea5-5847-4202-802d-e00e27be6599'::uuid, 'authenticated', 'authenticated', 'lungocafe@msul.cz', '$2a$10$aL3vu2qle96QeqP5dEXzsegVlECn0yrm5bAZjO1kW289Tn/uMcrvK', '2025-07-13 19:52:59.406684+00'::timestamptz, NULL, '', NULL, '', NULL, '', '', NULL, '2025-07-19 19:32:09.739813+00'::timestamptz, '{"provider": "email", "providers": ["email"]}'::jsonb, '{"email_verified": true}'::jsonb, NULL, '2025-07-13 19:52:59.403046+00'::timestamptz, '2025-09-26 09:15:14.562036+00'::timestamptz, NULL, NULL, '', '', NULL, '', 0, NULL, '', NULL, false, NULL, false) ON CONFLICT DO NOTHING;
INSERT INTO auth.users (instance_id, id, aud, role, email, encrypted_password, email_confirmed_at, invited_at, confirmation_token, confirmation_sent_at, recovery_token, recovery_sent_at, email_change_token_new, email_change, email_change_sent_at, last_sign_in_at, raw_app_meta_data, raw_user_meta_data, is_super_admin, created_at, updated_at, phone, phone_confirmed_at, phone_change, phone_change_token, phone_change_sent_at, email_change_token_current, email_change_confirm_status, banned_until, reauthentication_token, reauthentication_sent_at, is_sso_user, deleted_at, is_anonymous) VALUES ('00000000-0000-0000-0000-000000000000', '4d5dee92-a829-4f4f-ab66-c7badf9cb022'::uuid, 'authenticated', 'authenticated', 'pavlinahamouzova@msul.cz', '$2a$10$FyZuGj3KhJUFrSTzcVkjE.VKVrmIcTyVQx9CBNgNoxL8zBYV0qR3W', '2025-07-13 20:10:56.633008+00'::timestamptz, NULL, '', NULL, '', NULL, '', '', NULL, '2025-07-31 09:02:04.786457+00'::timestamptz, '{"provider": "email", "providers": ["email"]}'::jsonb, '{"email_verified": true}'::jsonb, NULL, '2025-07-13 20:10:56.629013+00'::timestamptz, '2025-09-26 10:43:55.424721+00'::timestamptz, NULL, NULL, '', '', NULL, '', 0, NULL, '', NULL, false, NULL, false) ON CONFLICT DO NOTHING;

-- auth.identities
INSERT INTO auth.identities (provider_id, user_id, identity_data, provider, last_sign_in_at, created_at, updated_at, id) VALUES ('b813799a-9692-43a5-a4c7-01a0363acc6a'::uuid, 'b813799a-9692-43a5-a4c7-01a0363acc6a'::uuid, '{"sub": "b813799a-9692-43a5-a4c7-01a0363acc6a", "email": "kelimkar@test.com", "email_verified": false, "phone_verified": false}'::jsonb, 'email', '2025-07-03 18:56:06.387543+00'::timestamptz, '2025-07-03 18:56:06.3876+00'::timestamptz, '2025-07-03 18:56:06.3876+00'::timestamptz, 'c808aa06-8505-45e9-b109-4880c5d4a7ed'::uuid) ON CONFLICT DO NOTHING;
INSERT INTO auth.identities (provider_id, user_id, identity_data, provider, last_sign_in_at, created_at, updated_at, id) VALUES ('28748ed4-02c8-4d28-855f-6fb2da901707'::uuid, '28748ed4-02c8-4d28-855f-6fb2da901707'::uuid, '{"sub": "28748ed4-02c8-4d28-855f-6fb2da901707", "email": "nadrizeny@test.com", "email_verified": false, "phone_verified": false}'::jsonb, 'email', '2025-07-03 18:56:40.205486+00'::timestamptz, '2025-07-03 18:56:40.205542+00'::timestamptz, '2025-07-03 18:56:40.205542+00'::timestamptz, 'a8053f0a-afd1-4937-bc0e-522ce169f120'::uuid) ON CONFLICT DO NOTHING;
INSERT INTO auth.identities (provider_id, user_id, identity_data, provider, last_sign_in_at, created_at, updated_at, id) VALUES ('a8cc9f5c-e7da-4206-be84-c54cccc9fe86'::uuid, 'a8cc9f5c-e7da-4206-be84-c54cccc9fe86'::uuid, '{"sub": "a8cc9f5c-e7da-4206-be84-c54cccc9fe86", "email": "banom@msul.cz", "email_verified": false, "phone_verified": false}'::jsonb, 'email', '2025-07-13 19:41:09.22202+00'::timestamptz, '2025-07-13 19:41:09.22272+00'::timestamptz, '2025-07-13 19:41:09.22272+00'::timestamptz, '70b6b3bb-d65c-4085-ae8b-a39327c34968'::uuid) ON CONFLICT DO NOTHING;
INSERT INTO auth.identities (provider_id, user_id, identity_data, provider, last_sign_in_at, created_at, updated_at, id) VALUES ('ceda7f95-66fa-47d2-abfe-fc892c1a295b'::uuid, 'ceda7f95-66fa-47d2-abfe-fc892c1a295b'::uuid, '{"sub": "ceda7f95-66fa-47d2-abfe-fc892c1a295b", "email": "pittnerrekreacni@msul.cz", "email_verified": false, "phone_verified": false}'::jsonb, 'email', '2025-07-13 19:51:22.573548+00'::timestamptz, '2025-07-13 19:51:22.573599+00'::timestamptz, '2025-07-13 19:51:22.573599+00'::timestamptz, '895e13d1-26d2-45e5-bbba-08deb81e1eb5'::uuid) ON CONFLICT DO NOTHING;
INSERT INTO auth.identities (provider_id, user_id, identity_data, provider, last_sign_in_at, created_at, updated_at, id) VALUES ('b808da2f-66bf-4fad-8ed0-cb1fc3062fce'::uuid, 'b808da2f-66bf-4fad-8ed0-cb1fc3062fce'::uuid, '{"sub": "b808da2f-66bf-4fad-8ed0-cb1fc3062fce", "email": "pittnertobogan@msul.cz", "email_verified": false, "phone_verified": false}'::jsonb, 'email', '2025-07-13 19:52:17.197851+00'::timestamptz, '2025-07-13 19:52:17.198602+00'::timestamptz, '2025-07-13 19:52:17.198602+00'::timestamptz, '058e2489-3eec-4b21-90e0-5947cb996675'::uuid) ON CONFLICT DO NOTHING;
INSERT INTO auth.identities (provider_id, user_id, identity_data, provider, last_sign_in_at, created_at, updated_at, id) VALUES ('b3d60ea5-5847-4202-802d-e00e27be6599'::uuid, 'b3d60ea5-5847-4202-802d-e00e27be6599'::uuid, '{"sub": "b3d60ea5-5847-4202-802d-e00e27be6599", "email": "lungocafe@msul.cz", "email_verified": false, "phone_verified": false}'::jsonb, 'email', '2025-07-13 19:52:59.404798+00'::timestamptz, '2025-07-13 19:52:59.404847+00'::timestamptz, '2025-07-13 19:52:59.404847+00'::timestamptz, 'c20d6ab4-5a1d-4cc9-92b6-d88f6e8908f7'::uuid) ON CONFLICT DO NOTHING;
INSERT INTO auth.identities (provider_id, user_id, identity_data, provider, last_sign_in_at, created_at, updated_at, id) VALUES ('81aede54-7867-49e6-91c1-185639cc115e'::uuid, '81aede54-7867-49e6-91c1-185639cc115e'::uuid, '{"sub": "81aede54-7867-49e6-91c1-185639cc115e", "email": "volf@msul.cz", "email_verified": false, "phone_verified": false}'::jsonb, 'email', '2025-07-13 19:53:38.775942+00'::timestamptz, '2025-07-13 19:53:38.775993+00'::timestamptz, '2025-07-13 19:53:38.775993+00'::timestamptz, '586fb4b4-2c0d-4d85-bf72-0ffb87d55868'::uuid) ON CONFLICT DO NOTHING;
INSERT INTO auth.identities (provider_id, user_id, identity_data, provider, last_sign_in_at, created_at, updated_at, id) VALUES ('202391d7-3b5d-480f-9d9e-2ac89f827b1e'::uuid, '202391d7-3b5d-480f-9d9e-2ac89f827b1e'::uuid, '{"sub": "202391d7-3b5d-480f-9d9e-2ac89f827b1e", "email": "pretl@msul.cz", "email_verified": false, "phone_verified": false}'::jsonb, 'email', '2025-07-13 19:55:02.18857+00'::timestamptz, '2025-07-13 19:55:02.188622+00'::timestamptz, '2025-07-13 19:55:02.188622+00'::timestamptz, '7e1555b8-9b6a-44ea-9e54-0b2a7950def2'::uuid) ON CONFLICT DO NOTHING;
INSERT INTO auth.identities (provider_id, user_id, identity_data, provider, last_sign_in_at, created_at, updated_at, id) VALUES ('2072d4fb-deb3-4d09-a5ed-c585f65c8678'::uuid, '2072d4fb-deb3-4d09-a5ed-c585f65c8678'::uuid, '{"sub": "2072d4fb-deb3-4d09-a5ed-c585f65c8678", "email": "carino@msul.cz", "email_verified": false, "phone_verified": false}'::jsonb, 'email', '2025-07-13 19:59:13.550462+00'::timestamptz, '2025-07-13 19:59:13.550513+00'::timestamptz, '2025-07-13 19:59:13.550513+00'::timestamptz, '2585f576-034a-46bf-a739-bc789505a46c'::uuid) ON CONFLICT DO NOTHING;
INSERT INTO auth.identities (provider_id, user_id, identity_data, provider, last_sign_in_at, created_at, updated_at, id) VALUES ('9d58d31c-762d-4a73-af50-35b8b223ac7e'::uuid, '9d58d31c-762d-4a73-af50-35b8b223ac7e'::uuid, '{"sub": "9d58d31c-762d-4a73-af50-35b8b223ac7e", "email": "vapenikovanikola@msul.cz", "email_verified": false, "phone_verified": false}'::jsonb, 'email', '2025-07-13 20:00:51.022621+00'::timestamptz, '2025-07-13 20:00:51.02269+00'::timestamptz, '2025-07-13 20:00:51.02269+00'::timestamptz, 'f13922ef-3a98-4b88-abf6-d998e62636a3'::uuid) ON CONFLICT DO NOTHING;
INSERT INTO auth.identities (provider_id, user_id, identity_data, provider, last_sign_in_at, created_at, updated_at, id) VALUES ('73b5f62c-a718-4cbd-b569-ae463c974911'::uuid, '73b5f62c-a718-4cbd-b569-ae463c974911'::uuid, '{"sub": "73b5f62c-a718-4cbd-b569-ae463c974911", "email": "jakubspatenka@msul.cz", "email_verified": false, "phone_verified": false}'::jsonb, 'email', '2025-07-13 20:08:47.56205+00'::timestamptz, '2025-07-13 20:08:47.562102+00'::timestamptz, '2025-07-13 20:08:47.562102+00'::timestamptz, 'ca23a561-80a0-4e48-ae0c-2ae71ec0e1bb'::uuid) ON CONFLICT DO NOTHING;
INSERT INTO auth.identities (provider_id, user_id, identity_data, provider, last_sign_in_at, created_at, updated_at, id) VALUES ('4d5dee92-a829-4f4f-ab66-c7badf9cb022'::uuid, '4d5dee92-a829-4f4f-ab66-c7badf9cb022'::uuid, '{"sub": "4d5dee92-a829-4f4f-ab66-c7badf9cb022", "email": "pavlinahamouzova@msul.cz", "email_verified": false, "phone_verified": false}'::jsonb, 'email', '2025-07-13 20:10:56.630467+00'::timestamptz, '2025-07-13 20:10:56.630519+00'::timestamptz, '2025-07-13 20:10:56.630519+00'::timestamptz, '90cfc540-16ed-4fc5-9749-415249cc0c79'::uuid) ON CONFLICT DO NOTHING;
INSERT INTO auth.identities (provider_id, user_id, identity_data, provider, last_sign_in_at, created_at, updated_at, id) VALUES ('cfd8c8b4-af3b-4823-b10d-41b7390db462'::uuid, 'cfd8c8b4-af3b-4823-b10d-41b7390db462'::uuid, '{"sub": "cfd8c8b4-af3b-4823-b10d-41b7390db462", "email": "ondrejpozdena@msul.cz", "email_verified": false, "phone_verified": false}'::jsonb, 'email', '2025-07-13 20:15:51.700228+00'::timestamptz, '2025-07-13 20:15:51.700302+00'::timestamptz, '2025-07-13 20:15:51.700302+00'::timestamptz, '335852fa-d490-4c00-a3fb-bc176e2d6596'::uuid) ON CONFLICT DO NOTHING;
INSERT INTO auth.identities (provider_id, user_id, identity_data, provider, last_sign_in_at, created_at, updated_at, id) VALUES ('97e27f33-17a1-4d8c-8fe5-4bfe2058969f'::uuid, '97e27f33-17a1-4d8c-8fe5-4bfe2058969f'::uuid, '{"sub": "97e27f33-17a1-4d8c-8fe5-4bfe2058969f", "email": "nadrizeny@msul.cz", "email_verified": false, "phone_verified": false}'::jsonb, 'email', '2025-07-14 19:32:55.737309+00'::timestamptz, '2025-07-14 19:32:55.73738+00'::timestamptz, '2025-07-14 19:32:55.73738+00'::timestamptz, 'b3fc8869-82a2-4e48-a800-e052e6e107ca'::uuid) ON CONFLICT DO NOTHING;
INSERT INTO auth.identities (provider_id, user_id, identity_data, provider, last_sign_in_at, created_at, updated_at, id) VALUES ('7752acfa-a082-4116-b596-e0e9b3d901fa'::uuid, '7752acfa-a082-4116-b596-e0e9b3d901fa'::uuid, '{"sub": "7752acfa-a082-4116-b596-e0e9b3d901fa", "email": "katerinaspatenkova@msul.cz", "email_verified": false, "phone_verified": false}'::jsonb, 'email', '2025-07-19 16:19:15.05177+00'::timestamptz, '2025-07-19 16:19:15.051842+00'::timestamptz, '2025-07-19 16:19:15.051842+00'::timestamptz, '034bd8a8-04cb-4713-a16b-88fe48475bb4'::uuid) ON CONFLICT DO NOTHING;
INSERT INTO auth.identities (provider_id, user_id, identity_data, provider, last_sign_in_at, created_at, updated_at, id) VALUES ('e994c00e-a1a0-42ae-b01b-a6f671c424ee'::uuid, 'e994c00e-a1a0-42ae-b01b-a6f671c424ee'::uuid, '{"sub": "e994c00e-a1a0-42ae-b01b-a6f671c424ee", "email": "stanislavbezemek@msul.cz", "email_verified": false, "phone_verified": false}'::jsonb, 'email', '2025-07-19 16:22:17.252402+00'::timestamptz, '2025-07-19 16:22:17.252461+00'::timestamptz, '2025-07-19 16:22:17.252461+00'::timestamptz, 'fa360c72-a439-421c-9d99-b3867461d447'::uuid) ON CONFLICT DO NOTHING;
INSERT INTO auth.identities (provider_id, user_id, identity_data, provider, last_sign_in_at, created_at, updated_at, id) VALUES ('e963bb74-316c-4bbf-a885-1e3b1775c102'::uuid, 'e963bb74-316c-4bbf-a885-1e3b1775c102'::uuid, '{"sub": "e963bb74-316c-4bbf-a885-1e3b1775c102", "email": "tomasjanda@msul.cz", "email_verified": false, "phone_verified": false}'::jsonb, 'email', '2025-07-19 16:36:51.42415+00'::timestamptz, '2025-07-19 16:36:51.424209+00'::timestamptz, '2025-07-19 16:36:51.424209+00'::timestamptz, '51dee1b2-dba2-4c12-848f-735f163605f2'::uuid) ON CONFLICT DO NOTHING;
INSERT INTO auth.identities (provider_id, user_id, identity_data, provider, last_sign_in_at, created_at, updated_at, id) VALUES ('ce1069b8-6f21-4989-8faf-72d937ee3231'::uuid, 'ce1069b8-6f21-4989-8faf-72d937ee3231'::uuid, '{"sub": "ce1069b8-6f21-4989-8faf-72d937ee3231", "email": "janbunjevcevic@msul.cz", "email_verified": false, "phone_verified": false}'::jsonb, 'email', '2025-07-19 16:38:28.624268+00'::timestamptz, '2025-07-19 16:38:28.624319+00'::timestamptz, '2025-07-19 16:38:28.624319+00'::timestamptz, '43c58ad0-af36-45e3-be40-c471a6977440'::uuid) ON CONFLICT DO NOTHING;
INSERT INTO auth.identities (provider_id, user_id, identity_data, provider, last_sign_in_at, created_at, updated_at, id) VALUES ('d5ad16f9-8305-4295-9bbc-154dd10b6332'::uuid, 'd5ad16f9-8305-4295-9bbc-154dd10b6332'::uuid, '{"sub": "d5ad16f9-8305-4295-9bbc-154dd10b6332", "email": "petrhetzendorf@msul.cz", "email_verified": false, "phone_verified": false}'::jsonb, 'email', '2025-08-03 11:27:12.905594+00'::timestamptz, '2025-08-03 11:27:12.905651+00'::timestamptz, '2025-08-03 11:27:12.905651+00'::timestamptz, '7a2c5231-f7b9-4aed-9eb4-c4286d6dd5f0'::uuid) ON CONFLICT DO NOTHING;

-- public.profiles
INSERT INTO public.profiles (id, role, name) VALUES ('b813799a-9692-43a5-a4c7-01a0363acc6a'::uuid, 'kelimkar', 'Petr1') ON CONFLICT DO NOTHING;
INSERT INTO public.profiles (id, role, name) VALUES ('a8cc9f5c-e7da-4206-be84-c54cccc9fe86'::uuid, 'stankar', 'Bánom') ON CONFLICT DO NOTHING;
INSERT INTO public.profiles (id, role, name) VALUES ('ceda7f95-66fa-47d2-abfe-fc892c1a295b'::uuid, 'stankar', 'Pittner Rekreační') ON CONFLICT DO NOTHING;
INSERT INTO public.profiles (id, role, name) VALUES ('b808da2f-66bf-4fad-8ed0-cb1fc3062fce'::uuid, 'stankar', 'Pittner Tobogán') ON CONFLICT DO NOTHING;
INSERT INTO public.profiles (id, role, name) VALUES ('b3d60ea5-5847-4202-802d-e00e27be6599'::uuid, 'stankar', 'Lungo Café') ON CONFLICT DO NOTHING;
INSERT INTO public.profiles (id, role, name) VALUES ('81aede54-7867-49e6-91c1-185639cc115e'::uuid, 'stankar', 'Volf') ON CONFLICT DO NOTHING;
INSERT INTO public.profiles (id, role, name) VALUES ('202391d7-3b5d-480f-9d9e-2ac89f827b1e'::uuid, 'stankar', 'Pretl') ON CONFLICT DO NOTHING;
INSERT INTO public.profiles (id, role, name) VALUES ('2072d4fb-deb3-4d09-a5ed-c585f65c8678'::uuid, 'stankar', 'Carino') ON CONFLICT DO NOTHING;
INSERT INTO public.profiles (id, role, name) VALUES ('9d58d31c-762d-4a73-af50-35b8b223ac7e'::uuid, 'stankar', 'Nikola Vápeníková') ON CONFLICT DO NOTHING;
INSERT INTO public.profiles (id, role, name) VALUES ('73b5f62c-a718-4cbd-b569-ae463c974911'::uuid, 'kelimkar', 'Jakub Špatenka') ON CONFLICT DO NOTHING;
INSERT INTO public.profiles (id, role, name) VALUES ('4d5dee92-a829-4f4f-ab66-c7badf9cb022'::uuid, 'kelimkar', 'Pavlína Hamouzová') ON CONFLICT DO NOTHING;
INSERT INTO public.profiles (id, role, name) VALUES ('cfd8c8b4-af3b-4823-b10d-41b7390db462'::uuid, 'kelimkar', 'Ondřej Pozděna') ON CONFLICT DO NOTHING;
INSERT INTO public.profiles (id, role, name) VALUES ('97e27f33-17a1-4d8c-8fe5-4bfe2058969f'::uuid, 'nadrizeny', 'Nadřízený') ON CONFLICT DO NOTHING;
INSERT INTO public.profiles (id, role, name) VALUES ('7752acfa-a082-4116-b596-e0e9b3d901fa'::uuid, 'kelimkar', 'Kateřina Špatenková') ON CONFLICT DO NOTHING;
INSERT INTO public.profiles (id, role, name) VALUES ('e994c00e-a1a0-42ae-b01b-a6f671c424ee'::uuid, 'kelimkar', 'Stanislav Bezemek') ON CONFLICT DO NOTHING;
INSERT INTO public.profiles (id, role, name) VALUES ('e963bb74-316c-4bbf-a885-1e3b1775c102'::uuid, 'kelimkar', 'Tomáš Janda') ON CONFLICT DO NOTHING;
INSERT INTO public.profiles (id, role, name) VALUES ('ce1069b8-6f21-4989-8faf-72d937ee3231'::uuid, 'kelimkar', 'Jan Bunjevčevič') ON CONFLICT DO NOTHING;
INSERT INTO public.profiles (id, role, name) VALUES ('d5ad16f9-8305-4295-9bbc-154dd10b6332'::uuid, 'kelimkar', 'Petr Hetzendorf') ON CONFLICT DO NOTHING;

-- public.requests
INSERT INTO public.requests (id, stankar, "timestamp", status) VALUES (3, 'Petr1', '2025-07-07 20:38:11.79376'::timestamptz, 'čeká') ON CONFLICT DO NOTHING;
INSERT INTO public.requests (id, stankar, "timestamp", status) VALUES (4, 'Eliska1', '2025-07-07 20:52:45.322038'::timestamptz, 'čeká') ON CONFLICT DO NOTHING;
INSERT INTO public.requests (id, stankar, "timestamp", status) VALUES (5, 'Eliska1', '2025-07-07 20:53:06.81532'::timestamptz, 'čeká') ON CONFLICT DO NOTHING;
INSERT INTO public.requests (id, stankar, "timestamp", status) VALUES (6, 'Eliska1', '2025-07-07 20:53:41.915098'::timestamptz, 'čeká') ON CONFLICT DO NOTHING;
INSERT INTO public.requests (id, stankar, "timestamp", status) VALUES (7, 'Eliska1', '2025-07-07 20:56:02.483261'::timestamptz, 'čeká') ON CONFLICT DO NOTHING;
INSERT INTO public.requests (id, stankar, "timestamp", status) VALUES (8, 'Eliska1', '2025-07-07 20:57:57.933185'::timestamptz, 'čeká') ON CONFLICT DO NOTHING;
INSERT INTO public.requests (id, stankar, "timestamp", status) VALUES (9, 'Eliska1', '2025-07-07 20:58:12.675032'::timestamptz, 'čeká') ON CONFLICT DO NOTHING;

-- public.transactions
INSERT INTO public.transactions (id, zamestnanec, male_kelimky, velke_kelimky, "timestamp", status, stankar, typ_vymeny) VALUES (54, 'Jakub Špatenka', 31, 90, '2025-07-05 19:00:00'::timestamptz, 'potvrzeno', 'Bánom', 'O+V') ON CONFLICT DO NOTHING;
INSERT INTO public.transactions (id, zamestnanec, male_kelimky, velke_kelimky, "timestamp", status, stankar, typ_vymeny) VALUES (59, 'Jakub Špatenka', 1, 29, '2025-07-01 15:30:00'::timestamptz, 'potvrzeno', 'Pittner Rekreační', 'O+V') ON CONFLICT DO NOTHING;
INSERT INTO public.transactions (id, zamestnanec, male_kelimky, velke_kelimky, "timestamp", status, stankar, typ_vymeny) VALUES (63, 'Jakub Špatenka', 1, 21, '2025-07-05 14:30:00'::timestamptz, 'potvrzeno', 'Pittner Rekreační', 'O+V') ON CONFLICT DO NOTHING;
INSERT INTO public.transactions (id, zamestnanec, male_kelimky, velke_kelimky, "timestamp", status, stankar, typ_vymeny) VALUES (64, 'Jakub Špatenka', 0, 43, '2025-07-06 19:20:00'::timestamptz, 'potvrzeno', 'Pittner Rekreační', 'O+V') ON CONFLICT DO NOTHING;
INSERT INTO public.transactions (id, zamestnanec, male_kelimky, velke_kelimky, "timestamp", status, stankar, typ_vymeny) VALUES (66, '-', 0, 7, '2025-06-28 19:30:00'::timestamptz, 'potvrzeno', 'Lungo Café', 'O+V') ON CONFLICT DO NOTHING;
INSERT INTO public.transactions (id, zamestnanec, male_kelimky, velke_kelimky, "timestamp", status, stankar, typ_vymeny) VALUES (67, 'Jakub Špatenka', 0, 73, '2025-07-01 15:15:00'::timestamptz, 'potvrzeno', 'Lungo Café', 'O+V') ON CONFLICT DO NOTHING;
INSERT INTO public.transactions (id, zamestnanec, male_kelimky, velke_kelimky, "timestamp", status, stankar, typ_vymeny) VALUES (68, '-', 0, 75, '2025-07-02 14:00:00'::timestamptz, 'potvrzeno', 'Lungo Café', 'O+V') ON CONFLICT DO NOTHING;
INSERT INTO public.transactions (id, zamestnanec, male_kelimky, velke_kelimky, "timestamp", status, stankar, typ_vymeny) VALUES (69, '-', 5, 118, '2025-07-03 09:15:00'::timestamptz, 'potvrzeno', 'Lungo Café', 'O+V') ON CONFLICT DO NOTHING;
INSERT INTO public.transactions (id, zamestnanec, male_kelimky, velke_kelimky, "timestamp", status, stankar, typ_vymeny) VALUES (70, 'Jakub Špatenka', 0, 27, '2025-07-05 14:37:00'::timestamptz, 'potvrzeno', 'Lungo Café', 'O+V') ON CONFLICT DO NOTHING;
INSERT INTO public.transactions (id, zamestnanec, male_kelimky, velke_kelimky, "timestamp", status, stankar, typ_vymeny) VALUES (72, 'Jakub Špatenka', 0, 28, '2025-07-06 16:42:00'::timestamptz, 'potvrzeno', 'Lungo Café', 'O+V') ON CONFLICT DO NOTHING;
INSERT INTO public.transactions (id, zamestnanec, male_kelimky, velke_kelimky, "timestamp", status, stankar, typ_vymeny) VALUES (71, '-', 0, 49, '2025-07-06 10:00:00'::timestamptz, 'potvrzeno', 'Lungo Café', 'O+V') ON CONFLICT DO NOTHING;
INSERT INTO public.transactions (id, zamestnanec, male_kelimky, velke_kelimky, "timestamp", status, stankar, typ_vymeny) VALUES (73, '-', 3, 26, '2025-06-24 15:10:00'::timestamptz, 'potvrzeno', 'Pittner Tobogán', 'O+V') ON CONFLICT DO NOTHING;
INSERT INTO public.transactions (id, zamestnanec, male_kelimky, velke_kelimky, "timestamp", status, stankar, typ_vymeny) VALUES (74, '-', 26, 74, '2025-06-26 13:13:00'::timestamptz, 'potvrzeno', 'Pittner Tobogán', 'O+V') ON CONFLICT DO NOTHING;
INSERT INTO public.transactions (id, zamestnanec, male_kelimky, velke_kelimky, "timestamp", status, stankar, typ_vymeny) VALUES (75, '-', 53, 195, '2025-06-28 19:10:00'::timestamptz, 'potvrzeno', 'Pittner Tobogán', 'O+V') ON CONFLICT DO NOTHING;
INSERT INTO public.transactions (id, zamestnanec, male_kelimky, velke_kelimky, "timestamp", status, stankar, typ_vymeny) VALUES (76, '-', 26, 126, '2025-06-29 17:19:00'::timestamptz, 'potvrzeno', 'Pittner Tobogán', 'O+V') ON CONFLICT DO NOTHING;
INSERT INTO public.transactions (id, zamestnanec, male_kelimky, velke_kelimky, "timestamp", status, stankar, typ_vymeny) VALUES (77, '-', 78, 226, '2025-07-01 15:09:00'::timestamptz, 'potvrzeno', 'Pittner Tobogán', 'O+V') ON CONFLICT DO NOTHING;
INSERT INTO public.transactions (id, zamestnanec, male_kelimky, velke_kelimky, "timestamp", status, stankar, typ_vymeny) VALUES (78, '-', 0, 159, '2025-07-02 13:45:00'::timestamptz, 'potvrzeno', 'Pittner Tobogán', 'O+V') ON CONFLICT DO NOTHING;
INSERT INTO public.transactions (id, zamestnanec, male_kelimky, velke_kelimky, "timestamp", status, stankar, typ_vymeny) VALUES (79, '-', 59, 121, '2025-07-03 09:50:00'::timestamptz, 'potvrzeno', 'Pittner Tobogán', 'O+V') ON CONFLICT DO NOTHING;
INSERT INTO public.transactions (id, zamestnanec, male_kelimky, velke_kelimky, "timestamp", status, stankar, typ_vymeny) VALUES (80, '-', 14, 58, '2025-07-03 14:05:00'::timestamptz, 'potvrzeno', 'Pittner Tobogán', 'O+V') ON CONFLICT DO NOTHING;
INSERT INTO public.transactions (id, zamestnanec, male_kelimky, velke_kelimky, "timestamp", status, stankar, typ_vymeny) VALUES (81, 'Jakub Špatenka', 15, 59, '2025-07-05 13:41:00'::timestamptz, 'potvrzeno', 'Pittner Tobogán', 'O+V') ON CONFLICT DO NOTHING;
INSERT INTO public.transactions (id, zamestnanec, male_kelimky, velke_kelimky, "timestamp", status, stankar, typ_vymeny) VALUES (107, 'Jakub Špatenka', 3, 29, '2025-08-11 11:45:53.484166'::timestamptz, 'čeká', 'Pittner Rekreační', 'O+V') ON CONFLICT DO NOTHING;
INSERT INTO public.transactions (id, zamestnanec, male_kelimky, velke_kelimky, "timestamp", status, stankar, typ_vymeny) VALUES (62, '-', 0, 5, '2025-07-03 13:55:00'::timestamptz, 'potrvzeno', 'Pittner Rekreační', 'O+V') ON CONFLICT DO NOTHING;
INSERT INTO public.transactions (id, zamestnanec, male_kelimky, velke_kelimky, "timestamp", status, stankar, typ_vymeny) VALUES (61, '-', 0, 12, '2025-07-03 10:05:00'::timestamptz, 'potvrzeno', 'Pittner Rekreační', 'O+V') ON CONFLICT DO NOTHING;
INSERT INTO public.transactions (id, zamestnanec, male_kelimky, velke_kelimky, "timestamp", status, stankar, typ_vymeny) VALUES (60, '-', 0, 32, '2025-07-02 13:35:00'::timestamptz, 'potvrzeno', 'Pittner Rekreační', 'O+V') ON CONFLICT DO NOTHING;
INSERT INTO public.transactions (id, zamestnanec, male_kelimky, velke_kelimky, "timestamp", status, stankar, typ_vymeny) VALUES (58, '-', 1, 20, '2025-06-29 17:40:00'::timestamptz, 'potvrzeno', 'Pittner Rekreační', 'O+V') ON CONFLICT DO NOTHING;
INSERT INTO public.transactions (id, zamestnanec, male_kelimky, velke_kelimky, "timestamp", status, stankar, typ_vymeny) VALUES (57, '-', 1, 17, '2025-06-28 19:06:00'::timestamptz, 'potvrzeno', 'Pittner Rekreační', 'O+V') ON CONFLICT DO NOTHING;
INSERT INTO public.transactions (id, zamestnanec, male_kelimky, velke_kelimky, "timestamp", status, stankar, typ_vymeny) VALUES (56, '-', 3, 8, '2025-06-28 15:25:00'::timestamptz, 'potvrzeno', 'Pittner Rekreační', 'O+V') ON CONFLICT DO NOTHING;
INSERT INTO public.transactions (id, zamestnanec, male_kelimky, velke_kelimky, "timestamp", status, stankar, typ_vymeny) VALUES (55, '-', 1, 17, '2025-06-27 14:48:00'::timestamptz, 'potvrzeno', 'Pittner Rekreační', 'O+V') ON CONFLICT DO NOTHING;
INSERT INTO public.transactions (id, zamestnanec, male_kelimky, velke_kelimky, "timestamp", status, stankar, typ_vymeny) VALUES (52, '-', 24, 40, '2025-07-02 14:15:00'::timestamptz, 'potvrzeno', 'Bánom', 'O+V') ON CONFLICT DO NOTHING;
INSERT INTO public.transactions (id, zamestnanec, male_kelimky, velke_kelimky, "timestamp", status, stankar, typ_vymeny) VALUES (85, 'Tomáš Janda', 0, 22, '2025-07-15 13:00:00'::timestamptz, 'potvrzeno', 'Pittner Rekreační', 'O+V') ON CONFLICT DO NOTHING;
INSERT INTO public.transactions (id, zamestnanec, male_kelimky, velke_kelimky, "timestamp", status, stankar, typ_vymeny) VALUES (86, 'Tomáš Janda', 0, 29, '2025-07-15 10:39:00'::timestamptz, 'potvrzeno', 'Lungo Café', 'O+V') ON CONFLICT DO NOTHING;
INSERT INTO public.transactions (id, zamestnanec, male_kelimky, velke_kelimky, "timestamp", status, stankar, typ_vymeny) VALUES (109, 'Jakub Špatenka', 34, 68, '2025-08-12 12:46:55.032452'::timestamptz, 'čeká', 'Bánom', 'O+V') ON CONFLICT DO NOTHING;
INSERT INTO public.transactions (id, zamestnanec, male_kelimky, velke_kelimky, "timestamp", status, stankar, typ_vymeny) VALUES (65, '-', 0, 6, '2025-07-11 13:30:00'::timestamptz, 'potvrzeno', 'Pittner Rekreační', 'O+V') ON CONFLICT DO NOTHING;
INSERT INTO public.transactions (id, zamestnanec, male_kelimky, velke_kelimky, "timestamp", status, stankar, typ_vymeny) VALUES (53, '-', 52, 111, '2025-07-03 09:00:00'::timestamptz, 'potvrzeno', 'Bánom', 'O+V') ON CONFLICT DO NOTHING;
INSERT INTO public.transactions (id, zamestnanec, male_kelimky, velke_kelimky, "timestamp", status, stankar, typ_vymeny) VALUES (87, 'Tomáš Janda', 12, 81, '2025-07-11 12:45:00'::timestamptz, 'potvrzeno', 'Bánom', 'O+V') ON CONFLICT DO NOTHING;
INSERT INTO public.transactions (id, zamestnanec, male_kelimky, velke_kelimky, "timestamp", status, stankar, typ_vymeny) VALUES (82, 'Jakub Špatenka', 34, 128, '2025-07-05 19:05:00'::timestamptz, 'potvrzeno', 'Pittner Tobogán', 'O+V') ON CONFLICT DO NOTHING;
INSERT INTO public.transactions (id, zamestnanec, male_kelimky, velke_kelimky, "timestamp", status, stankar, typ_vymeny) VALUES (88, 'Jakub Špatenka', 26, 83, '2025-07-16 10:40:00'::timestamptz, 'potvrzeno', 'Pittner Tobogán', 'O+V') ON CONFLICT DO NOTHING;
INSERT INTO public.transactions (id, zamestnanec, male_kelimky, velke_kelimky, "timestamp", status, stankar, typ_vymeny) VALUES (90, '-', 1, 35, '2025-07-20 10:40:00'::timestamptz, 'potvrzeno', 'Lungo Café', 'O+V') ON CONFLICT DO NOTHING;
INSERT INTO public.transactions (id, zamestnanec, male_kelimky, velke_kelimky, "timestamp", status, stankar, typ_vymeny) VALUES (91, '-', 21, 65, '2025-07-20 09:30:00'::timestamptz, 'potvrzeno', 'Pittner Tobogán', 'O+V') ON CONFLICT DO NOTHING;
INSERT INTO public.transactions (id, zamestnanec, male_kelimky, velke_kelimky, "timestamp", status, stankar, typ_vymeny) VALUES (92, 'Petr Hetzendorf', 56, 234, '2025-07-21 09:50:00'::timestamptz, 'potvrzeno', 'Pittner Tobogán', 'O+V') ON CONFLICT DO NOTHING;
INSERT INTO public.transactions (id, zamestnanec, male_kelimky, velke_kelimky, "timestamp", status, stankar, typ_vymeny) VALUES (93, '-', 27, 66, '2025-07-20 09:50:00'::timestamptz, 'potvrzeno', 'Bánom', 'O+V') ON CONFLICT DO NOTHING;
INSERT INTO public.transactions (id, zamestnanec, male_kelimky, velke_kelimky, "timestamp", status, stankar, typ_vymeny) VALUES (94, 'Ondřej Pozděna ', 31, 113, '2025-07-24 09:30:00'::timestamptz, 'potvrzeno', 'Bánom', 'O+V') ON CONFLICT DO NOTHING;
INSERT INTO public.transactions (id, zamestnanec, male_kelimky, velke_kelimky, "timestamp", status, stankar, typ_vymeny) VALUES (95, '-', 0, 21, '2025-07-20 09:45:00'::timestamptz, 'potvrzeno', 'Pittner Rekreační', 'O+V') ON CONFLICT DO NOTHING;
INSERT INTO public.transactions (id, zamestnanec, male_kelimky, velke_kelimky, "timestamp", status, stankar, typ_vymeny) VALUES (89, 'Pavlína Hamouzová', 0, 15, '2025-07-31 11:21:53.040799'::timestamptz, 'potvrzeno', 'Pittner Rekreační', 'O+V') ON CONFLICT DO NOTHING;
INSERT INTO public.transactions (id, zamestnanec, male_kelimky, velke_kelimky, "timestamp", status, stankar, typ_vymeny) VALUES (96, 'Petr Hetzendorf', 4, 44, '2025-07-21 14:40:00'::timestamptz, 'potvrzeno', 'Pittner Rekreační', 'O+V') ON CONFLICT DO NOTHING;
INSERT INTO public.transactions (id, zamestnanec, male_kelimky, velke_kelimky, "timestamp", status, stankar, typ_vymeny) VALUES (97, '-', 0, 22, '2025-07-26 17:10:00'::timestamptz, 'potvrzeno', 'Pittner Rekreační', 'O+V') ON CONFLICT DO NOTHING;
INSERT INTO public.transactions (id, zamestnanec, male_kelimky, velke_kelimky, "timestamp", status, stankar, typ_vymeny) VALUES (98, 'Jakub Špatenka', 0, 81, '2025-08-07 11:10:28.996997'::timestamptz, 'potvrzeno', 'Lungo Café', 'O+V') ON CONFLICT DO NOTHING;
INSERT INTO public.transactions (id, zamestnanec, male_kelimky, velke_kelimky, "timestamp", status, stankar, typ_vymeny) VALUES (99, 'Petr Hetzendorf', 0, 25, '2025-08-08 14:12:42.442347'::timestamptz, 'čeká', 'Pittner Rekreační', 'O+V') ON CONFLICT DO NOTHING;
INSERT INTO public.transactions (id, zamestnanec, male_kelimky, velke_kelimky, "timestamp", status, stankar, typ_vymeny) VALUES (100, 'Ondřej Pozděna', 22, 39, '2025-08-09 10:46:33.644848'::timestamptz, 'čeká', 'Bánom', 'O+V') ON CONFLICT DO NOTHING;
INSERT INTO public.transactions (id, zamestnanec, male_kelimky, velke_kelimky, "timestamp", status, stankar, typ_vymeny) VALUES (102, 'Tomáš Janda', 45, 162, '2025-08-09 11:01:25.045415'::timestamptz, 'potvrzeno', 'Pittner Tobogán', 'O+V') ON CONFLICT DO NOTHING;
INSERT INTO public.transactions (id, zamestnanec, male_kelimky, velke_kelimky, "timestamp", status, stankar, typ_vymeny) VALUES (103, 'Ondřej Pozděna', 36, 52, '2025-08-10 17:33:46.703125'::timestamptz, 'čeká', 'Bánom', 'O+V') ON CONFLICT DO NOTHING;
INSERT INTO public.transactions (id, zamestnanec, male_kelimky, velke_kelimky, "timestamp", status, stankar, typ_vymeny) VALUES (105, 'Ondřej Pozděna', 0, 32, '2025-08-10 17:34:21.86875'::timestamptz, 'čeká', 'Pittner Rekreační', 'O+V') ON CONFLICT DO NOTHING;
INSERT INTO public.transactions (id, zamestnanec, male_kelimky, velke_kelimky, "timestamp", status, stankar, typ_vymeny) VALUES (101, 'Tomáš Janda', 0, 48, '2025-08-09 10:48:08.802029'::timestamptz, 'potvrzeno', 'Lungo Café', 'O+V') ON CONFLICT DO NOTHING;
INSERT INTO public.transactions (id, zamestnanec, male_kelimky, velke_kelimky, "timestamp", status, stankar, typ_vymeny) VALUES (106, 'Ondřej Pozděna', 0, 47, '2025-08-10 17:34:36.620598'::timestamptz, 'potvrzeno', 'Lungo Café', 'O+V') ON CONFLICT DO NOTHING;
INSERT INTO public.transactions (id, zamestnanec, male_kelimky, velke_kelimky, "timestamp", status, stankar, typ_vymeny) VALUES (110, 'Jakub Špatenka', 0, 56, '2025-08-12 12:59:41.037275'::timestamptz, 'potvrzeno', 'Lungo Café', 'O+V') ON CONFLICT DO NOTHING;
INSERT INTO public.transactions (id, zamestnanec, male_kelimky, velke_kelimky, "timestamp", status, stankar, typ_vymeny) VALUES (104, 'Ondřej Pozděna', 0, 126, '2025-08-10 17:34:06.170619'::timestamptz, 'potvrzeno', 'Pittner Tobogán', 'O+V') ON CONFLICT DO NOTHING;
INSERT INTO public.transactions (id, zamestnanec, male_kelimky, velke_kelimky, "timestamp", status, stankar, typ_vymeny) VALUES (108, 'Jakub Špatenka', 95, 189, '2025-08-12 10:09:57.417801'::timestamptz, 'potvrzeno', 'Pittner Tobogán', 'O+V') ON CONFLICT DO NOTHING;
INSERT INTO public.transactions (id, zamestnanec, male_kelimky, velke_kelimky, "timestamp", status, stankar, typ_vymeny) VALUES (111, 'Ondřej Leskota', 15, 52, '2025-08-13 11:15:00'::timestamptz, 'Potvrzeno', 'Bánom', 'O+V') ON CONFLICT DO NOTHING;
INSERT INTO public.transactions (id, zamestnanec, male_kelimky, velke_kelimky, "timestamp", status, stankar, typ_vymeny) VALUES (112, '-', 53, 85, '2025-08-14 13:15:00'::timestamptz, 'potvrzeno', 'Bánom', 'O+V') ON CONFLICT DO NOTHING;
INSERT INTO public.transactions (id, zamestnanec, male_kelimky, velke_kelimky, "timestamp", status, stankar, typ_vymeny) VALUES (113, 'Tomáš Janda', 0, 13, '2025-08-09 10:32:00'::timestamptz, 'potvrzeno', 'Pittner Rekreační', 'O+V') ON CONFLICT DO NOTHING;
INSERT INTO public.transactions (id, zamestnanec, male_kelimky, velke_kelimky, "timestamp", status, stankar, typ_vymeny) VALUES (114, '-', 0, 32, '2025-08-10 11:00:00'::timestamptz, 'potvrzeno', 'Pittner Rekreační ', 'O+V') ON CONFLICT DO NOTHING;
INSERT INTO public.transactions (id, zamestnanec, male_kelimky, velke_kelimky, "timestamp", status, stankar, typ_vymeny) VALUES (116, 'Tomáš Janda', 8, 20, '2025-08-15 12:45:36.115172'::timestamptz, 'čeká', 'Pittner Rekreační', 'O+V') ON CONFLICT DO NOTHING;
INSERT INTO public.transactions (id, zamestnanec, male_kelimky, velke_kelimky, "timestamp", status, stankar, typ_vymeny) VALUES (118, 'Tomáš Janda', 48, 126, '2025-08-15 13:19:30.993702'::timestamptz, 'čeká', 'Bánom', 'O+V') ON CONFLICT DO NOTHING;
INSERT INTO public.transactions (id, zamestnanec, male_kelimky, velke_kelimky, "timestamp", status, stankar, typ_vymeny) VALUES (121, 'Tomáš Janda', 0, 9, '2025-08-15 16:10:30.243997'::timestamptz, 'čeká', 'Pittner Rekreační', 'O+V') ON CONFLICT DO NOTHING;
INSERT INTO public.transactions (id, zamestnanec, male_kelimky, velke_kelimky, "timestamp", status, stankar, typ_vymeny) VALUES (123, 'Jakub Špatenka', 18, 100, '2025-08-16 11:10:30.347325'::timestamptz, 'čeká', 'Bánom', 'O+V') ON CONFLICT DO NOTHING;
INSERT INTO public.transactions (id, zamestnanec, male_kelimky, velke_kelimky, "timestamp", status, stankar, typ_vymeny) VALUES (117, 'Tomáš Janda', 1, 37, '2025-08-15 13:10:48.737154'::timestamptz, 'potvrzeno', 'Lungo Café', 'O+V') ON CONFLICT DO NOTHING;
INSERT INTO public.transactions (id, zamestnanec, male_kelimky, velke_kelimky, "timestamp", status, stankar, typ_vymeny) VALUES (124, 'Jakub Špatenka', 4, 99, '2025-08-16 12:01:38.734389'::timestamptz, 'potvrzeno', 'Lungo Café', 'O+V') ON CONFLICT DO NOTHING;
INSERT INTO public.transactions (id, zamestnanec, male_kelimky, velke_kelimky, "timestamp", status, stankar, typ_vymeny) VALUES (125, 'Tomáš Janda', 0, 5, '2025-08-17 09:34:52.466036'::timestamptz, 'čeká', 'Pittner Rekreační', 'O+V') ON CONFLICT DO NOTHING;
INSERT INTO public.transactions (id, zamestnanec, male_kelimky, velke_kelimky, "timestamp", status, stankar, typ_vymeny) VALUES (126, 'Tomáš Janda', 9, 21, '2025-08-17 12:09:16.65611'::timestamptz, 'čeká', 'Bánom', 'O+V') ON CONFLICT DO NOTHING;
INSERT INTO public.transactions (id, zamestnanec, male_kelimky, velke_kelimky, "timestamp", status, stankar, typ_vymeny) VALUES (129, 'Petr Hetzendorf', 3, 10, '2025-08-20 11:24:51.464009'::timestamptz, 'čeká', 'Pittner Rekreační', 'O+V') ON CONFLICT DO NOTHING;
INSERT INTO public.transactions (id, zamestnanec, male_kelimky, velke_kelimky, "timestamp", status, stankar, typ_vymeny) VALUES (130, 'Petr Hetzendorf', 0, 12, '2025-08-25 09:28:24.74583'::timestamptz, 'čeká', 'Pittner Rekreační', 'O+V') ON CONFLICT DO NOTHING;
INSERT INTO public.transactions (id, zamestnanec, male_kelimky, velke_kelimky, "timestamp", status, stankar, typ_vymeny) VALUES (131, 'Ondřej Pozděna', 26, 38, '2025-08-27 12:21:38.065448'::timestamptz, 'čeká', 'Bánom', 'O+V') ON CONFLICT DO NOTHING;
INSERT INTO public.transactions (id, zamestnanec, male_kelimky, velke_kelimky, "timestamp", status, stankar, typ_vymeny) VALUES (120, 'Tomáš Janda', 14, 68, '2025-08-15 16:10:24.002213'::timestamptz, 'potvrzeno', 'Pittner Tobogán', 'O+V') ON CONFLICT DO NOTHING;
INSERT INTO public.transactions (id, zamestnanec, male_kelimky, velke_kelimky, "timestamp", status, stankar, typ_vymeny) VALUES (122, 'Jakub Špatenka', 33, 149, '2025-08-16 11:09:28.995614'::timestamptz, 'potvrzeno', 'Pittner Tobogán', 'O+V') ON CONFLICT DO NOTHING;
INSERT INTO public.transactions (id, zamestnanec, male_kelimky, velke_kelimky, "timestamp", status, stankar, typ_vymeny) VALUES (127, 'Petr Hetzendorf', 57, 125, '2025-08-20 10:43:47.524813'::timestamptz, 'potvrzeno', 'Pittner Tobogán', 'O+V') ON CONFLICT DO NOTHING;
INSERT INTO public.transactions (id, zamestnanec, male_kelimky, velke_kelimky, "timestamp", status, stankar, typ_vymeny) VALUES (128, 'Petr Hetzendorf', 0, 35, '2025-08-20 11:24:12.040363'::timestamptz, 'potvrzeno', 'Lungo Café', 'O+V') ON CONFLICT DO NOTHING;
INSERT INTO public.transactions (id, zamestnanec, male_kelimky, velke_kelimky, "timestamp", status, stankar, typ_vymeny) VALUES (132, 'Tomáš Janda', 2, 11, '2025-08-27 12:22:18.554645'::timestamptz, 'potvrzeno', 'Lungo Café', 'O+V') ON CONFLICT DO NOTHING;
INSERT INTO public.transactions (id, zamestnanec, male_kelimky, velke_kelimky, "timestamp", status, stankar, typ_vymeny) VALUES (133, 'Tomáš Janda', 0, 7, '2025-08-27 15:27:28.91785'::timestamptz, 'čeká', 'Pittner Rekreační', 'O+V') ON CONFLICT DO NOTHING;
INSERT INTO public.transactions (id, zamestnanec, male_kelimky, velke_kelimky, "timestamp", status, stankar, typ_vymeny) VALUES (134, 'Petr Hetzendorf', 0, 29, '2025-08-31 10:16:45.282458'::timestamptz, 'čeká', 'Pittner Rekreační', 'O+V') ON CONFLICT DO NOTHING;
INSERT INTO public.transactions (id, zamestnanec, male_kelimky, velke_kelimky, "timestamp", status, stankar, typ_vymeny) VALUES (135, 'Petr Hetzendorf', 0, 7, '2025-08-31 15:11:49.608301'::timestamptz, 'čeká', 'Pittner Rekreační', 'O+V') ON CONFLICT DO NOTHING;
INSERT INTO public.transactions (id, zamestnanec, male_kelimky, velke_kelimky, "timestamp", status, stankar, typ_vymeny) VALUES (136, 'Jakub Špatenka', 23, 47, '2025-09-01 13:46:24.242153'::timestamptz, 'čeká', 'Bánom', 'O+V') ON CONFLICT DO NOTHING;
INSERT INTO public.transactions (id, zamestnanec, male_kelimky, velke_kelimky, "timestamp", status, stankar, typ_vymeny) VALUES (115, 'Tomáš Janda', 55, 204, '2025-08-15 12:33:29.795285'::timestamptz, 'potvrzeno', 'Pittner Tobogán', 'O+V') ON CONFLICT DO NOTHING;
INSERT INTO public.transactions (id, zamestnanec, male_kelimky, velke_kelimky, "timestamp", status, stankar, typ_vymeny) VALUES (138, 'Jakub Špatenka', 36, 99, '2025-09-01 14:25:58.660218'::timestamptz, 'potvrzeno', 'Pittner Tobogán', 'O+V') ON CONFLICT DO NOTHING;
INSERT INTO public.transactions (id, zamestnanec, male_kelimky, velke_kelimky, "timestamp", status, stankar, typ_vymeny) VALUES (137, 'Petr Hetzendorf', 0, 44, '2025-09-01 13:48:37.089536'::timestamptz, 'potvrzeno', 'Lungo Café', 'O+V') ON CONFLICT DO NOTHING;
INSERT INTO public.transactions (id, zamestnanec, male_kelimky, velke_kelimky, "timestamp", status, stankar, typ_vymeny) VALUES (139, '-', 0, 55, '2025-08-19 15:15:00'::timestamptz, 'potvrzeno', 'Lungo Café', 'O+V') ON CONFLICT DO NOTHING;
INSERT INTO public.transactions (id, zamestnanec, male_kelimky, velke_kelimky, "timestamp", status, stankar, typ_vymeny) VALUES (140, '-', 0, 22, '2025-08-20 15:45:00'::timestamptz, 'potvrzeno', 'Lungo Café', 'O+V') ON CONFLICT DO NOTHING;
INSERT INTO public.transactions (id, zamestnanec, male_kelimky, velke_kelimky, "timestamp", status, stankar, typ_vymeny) VALUES (141, '-', 0, 50, '2025-08-26 12:45:00'::timestamptz, 'potvrzeno', 'Lungo Café', 'O+V') ON CONFLICT DO NOTHING;
INSERT INTO public.transactions (id, zamestnanec, male_kelimky, velke_kelimky, "timestamp", status, stankar, typ_vymeny) VALUES (142, '-', 18, 66, '2025-08-20 16:00:00'::timestamptz, 'potvrzeno', 'Pittner Tobogán', 'O+V') ON CONFLICT DO NOTHING;
INSERT INTO public.transactions (id, zamestnanec, male_kelimky, velke_kelimky, "timestamp", status, stankar, typ_vymeny) VALUES (143, '-', 19, 62, '2025-08-26 12:45:00'::timestamptz, 'potvrzeno', 'Pittner Tobogán', 'O+V') ON CONFLICT DO NOTHING;
INSERT INTO public.transactions (id, zamestnanec, male_kelimky, velke_kelimky, "timestamp", status, stankar, typ_vymeny) VALUES (144, '-', 13, 24, '2025-08-19 13:00:00'::timestamptz, 'potvrzeno', 'Bánom', 'O+V') ON CONFLICT DO NOTHING;
INSERT INTO public.transactions (id, zamestnanec, male_kelimky, velke_kelimky, "timestamp", status, stankar, typ_vymeny) VALUES (145, '-', 36, 72, '2025-08-20 17:00:00'::timestamptz, 'potvrzeno', 'Bánom', 'O+V') ON CONFLICT DO NOTHING;
INSERT INTO public.transactions (id, zamestnanec, male_kelimky, velke_kelimky, "timestamp", status, stankar, typ_vymeny) VALUES (146, '-', 0, 32, '2025-08-10 11:00:00'::timestamptz, 'potvrzeno', 'Pittner Rekreační', 'O+V') ON CONFLICT DO NOTHING;
INSERT INTO public.transactions (id, zamestnanec, male_kelimky, velke_kelimky, "timestamp", status, stankar, typ_vymeny) VALUES (147, '-', 0, 26, '2025-08-12 16:10:00'::timestamptz, 'potvrzeno', 'Pittner Rekreační', 'O+V') ON CONFLICT DO NOTHING;
INSERT INTO public.transactions (id, zamestnanec, male_kelimky, velke_kelimky, "timestamp", status, stankar, typ_vymeny) VALUES (148, '-', 0, 15, '2025-08-13 11:00:00'::timestamptz, 'potvrzeno', 'Pittner Rekreační', 'O+V') ON CONFLICT DO NOTHING;
INSERT INTO public.transactions (id, zamestnanec, male_kelimky, velke_kelimky, "timestamp", status, stankar, typ_vymeny) VALUES (149, '-', 1, 52, '2025-08-14 10:35:00'::timestamptz, 'potvrzeno', 'Pittner Rekreační', 'O+V') ON CONFLICT DO NOTHING;
INSERT INTO public.transactions (id, zamestnanec, male_kelimky, velke_kelimky, "timestamp", status, stankar, typ_vymeny) VALUES (150, '-', 0, 32, '2025-08-14 18:45:00'::timestamptz, 'potvrzeno', 'Pittner Rekreační', 'O+V') ON CONFLICT DO NOTHING;
INSERT INTO public.transactions (id, zamestnanec, male_kelimky, velke_kelimky, "timestamp", status, stankar, typ_vymeny) VALUES (151, '-', 3, 53, '2025-08-16 14:30:00'::timestamptz, 'potvrzeno', 'Pittner Rekreační', 'O+V') ON CONFLICT DO NOTHING;
INSERT INTO public.transactions (id, zamestnanec, male_kelimky, velke_kelimky, "timestamp", status, stankar, typ_vymeny) VALUES (152, '-', 0, 9, '2025-08-18 12:00:00'::timestamptz, 'potvrzeno', 'Pittner Rekreační', 'O+V') ON CONFLICT DO NOTHING;
INSERT INTO public.transactions (id, zamestnanec, male_kelimky, velke_kelimky, "timestamp", status, stankar, typ_vymeny) VALUES (153, '-', 0, 15, '2025-08-19 12:45:00'::timestamptz, 'potvrzeno', 'Pittner Rekreační', 'O+V') ON CONFLICT DO NOTHING;
INSERT INTO public.transactions (id, zamestnanec, male_kelimky, velke_kelimky, "timestamp", status, stankar, typ_vymeny) VALUES (154, '-', 0, 7, '2025-08-19 15:15:00'::timestamptz, 'potvrzeno', 'Pittner Rekreační', 'O+V') ON CONFLICT DO NOTHING;
INSERT INTO public.transactions (id, zamestnanec, male_kelimky, velke_kelimky, "timestamp", status, stankar, typ_vymeny) VALUES (155, '-', 0, 7, '2025-08-20 15:35:00'::timestamptz, 'potvrzeno', 'Pittner Rekreační', 'O+V') ON CONFLICT DO NOTHING;
INSERT INTO public.transactions (id, zamestnanec, male_kelimky, velke_kelimky, "timestamp", status, stankar, typ_vymeny) VALUES (156, '-', 0, 47, '2020-08-10 16:00:00'::timestamptz, 'potvrzeno', 'Lungo Café', 'O+V') ON CONFLICT DO NOTHING;
INSERT INTO public.transactions (id, zamestnanec, male_kelimky, velke_kelimky, "timestamp", status, stankar, typ_vymeny) VALUES (157, '-', 0, 47, '2025-08-10 16:00:00'::timestamptz, 'potvrzeno', 'Lungo Café', 'O+V') ON CONFLICT DO NOTHING;
INSERT INTO public.transactions (id, zamestnanec, male_kelimky, velke_kelimky, "timestamp", status, stankar, typ_vymeny) VALUES (158, '-', 1, 42, '2025-08-12 16:30:00'::timestamptz, 'potvrzeno', 'Lungo Café', 'O+V') ON CONFLICT DO NOTHING;
INSERT INTO public.transactions (id, zamestnanec, male_kelimky, velke_kelimky, "timestamp", status, stankar, typ_vymeny) VALUES (159, '-', 1, 49, '2025-08-13 15:15:00'::timestamptz, 'potvrzeno', 'Lungo Café', 'O+V') ON CONFLICT DO NOTHING;
INSERT INTO public.transactions (id, zamestnanec, male_kelimky, velke_kelimky, "timestamp", status, stankar, typ_vymeny) VALUES (160, '-', 0, 116, '2025-08-14 13:00:00'::timestamptz, 'potvrzeno', 'Lungo Café', 'O+V') ON CONFLICT DO NOTHING;
INSERT INTO public.transactions (id, zamestnanec, male_kelimky, velke_kelimky, "timestamp", status, stankar, typ_vymeny) VALUES (161, '-', 0, 92, '2025-08-14 19:00:00'::timestamptz, 'potvrzeno', 'Lungo Café', 'O+V') ON CONFLICT DO NOTHING;
INSERT INTO public.transactions (id, zamestnanec, male_kelimky, velke_kelimky, "timestamp", status, stankar, typ_vymeny) VALUES (162, '-', 0, 33, '2025-08-16 18:25:00'::timestamptz, 'potvrzeno', 'Lungo Café', 'O+V') ON CONFLICT DO NOTHING;
INSERT INTO public.transactions (id, zamestnanec, male_kelimky, velke_kelimky, "timestamp", status, stankar, typ_vymeny) VALUES (163, 'Leskota', 46, 192, '2025-08-13 11:00:00'::timestamptz, 'potvrzeno', 'Pittner Tobogán', 'O+V') ON CONFLICT DO NOTHING;
INSERT INTO public.transactions (id, zamestnanec, male_kelimky, velke_kelimky, "timestamp", status, stankar, typ_vymeny) VALUES (164, 'Jan Bujnevčevič', 55, 205, '2025-08-14 10:00:00'::timestamptz, 'potvrzeno', 'Pittner Tobogán', 'O+V') ON CONFLICT DO NOTHING;
INSERT INTO public.transactions (id, zamestnanec, male_kelimky, velke_kelimky, "timestamp", status, stankar, typ_vymeny) VALUES (165, '-', 6, 63, '2025-08-16 18:05:00'::timestamptz, 'potvrzeno', 'Pittner Tobogán', 'O+V') ON CONFLICT DO NOTHING;
INSERT INTO public.transactions (id, zamestnanec, male_kelimky, velke_kelimky, "timestamp", status, stankar, typ_vymeny) VALUES (166, 'Pavlína Hamouzová', 0, 14, '2025-09-13 08:42:05.3945'::timestamptz, 'čeká', 'Pittner Rekreační', 'O+V') ON CONFLICT DO NOTHING;
INSERT INTO public.transactions (id, zamestnanec, male_kelimky, velke_kelimky, "timestamp", status, stankar, typ_vymeny) VALUES (167, 'Pavlína Hamouzová', 1, 37, '2025-09-18 11:18:48.580967'::timestamptz, 'čeká', 'Lungo Café', 'O+V') ON CONFLICT DO NOTHING;
INSERT INTO public.transactions (id, zamestnanec, male_kelimky, velke_kelimky, "timestamp", status, stankar, typ_vymeny) VALUES (168, 'Pavlína Hamouzová', 0, 12, '2025-09-21 11:05:50.481649'::timestamptz, 'čeká', 'Pittner Rekreační', 'O+V') ON CONFLICT DO NOTHING;
INSERT INTO public.transactions (id, zamestnanec, male_kelimky, velke_kelimky, "timestamp", status, stankar, typ_vymeny) VALUES (169, 'Pavlína Hamouzová', 51, 17, '2025-09-24 14:14:07.393729'::timestamptz, 'čeká', 'Pittner Rekreační', 'O+V') ON CONFLICT DO NOTHING;
INSERT INTO public.transactions (id, zamestnanec, male_kelimky, velke_kelimky, "timestamp", status, stankar, typ_vymeny) VALUES (170, 'Pavlína Hamouzová', 0, 63, '2025-09-26 12:44:32.327087'::timestamptz, 'čeká', 'Lungo Café', 'O+V') ON CONFLICT DO NOTHING;

SELECT setval('public.requests_id_seq', (SELECT COALESCE(MAX(id), 1) FROM public.requests));
SELECT setval('public.transactions_id_seq', (SELECT COALESCE(MAX(id), 1) FROM public.transactions));